<?xml version="1.0" encoding="utf-8"?>
<ModMetaData>
  <name>Intentional Proselytism</name>
  <author>ordpus</author>
  <supportedVersions>
      <li>1.3</li>
      <li>1.4</li>
   </supportedVersions>
   <packageId>ordpus.intentionalproselytism</packageId>
  <description>
    Hey, slave, I want you to think like me.

    Well... but then I require neural supercharge.

    Then why? You are just a slave

    Because you told me to think like you.

    This mod simply make it possible for converting the ideologies of prisoners and slaves to any ideologies you want, since there is no reason for keeping the slave to have the same ideologies with colonists, because, you know, they are just slaves.
  </description>
  <modDependencies>
      <li>
          <packageId>brrainz.harmony</packageId>
          <displayName>Harmony</displayName>
          <steamWorkshopUrl>steam://url/CommunityFilePage/2009463077</steamWorkshopUrl>
          <downloadUrl>https://github.com/pardeike/HarmonyRimWorld/releases/latest</downloadUrl>
      </li>
      <li>
          <packageId>Ludeon.RimWorld.Ideology</packageId>
          <displayName>Ideology</displayName>
          <downloadUrl>https://store.steampowered.com/app/1392840/RimWorld__Ideology</downloadUrl>
      </li>
  </modDependencies>
  <loadAfter>
    <li>Ludeon.RimWorld</li>
    <li>Ludeon.Rimworld.Royalty</li>
    <li>Ludeon.RimWorld.Ideology</li>
    <li>OskarPotocki.VFE.Mechanoid</li>
  </loadAfter>
</ModMetaData>